<?xml version="1.0" encoding="UTF-8"?>
<project-private xmlns="http://www.netbeans.org/ns/project-private/1">
    <editor-bookmarks xmlns="http://www.netbeans.org/ns/editor-bookmarks/2" lastBookmarkId="0"/>
    <open-files xmlns="http://www.netbeans.org/ns/projectui-open-files/2">
        <group>
            <file>file:/C:/Users/dafrandle/OneDrive%20for%20Business/Classes/COMP2145%20web%20programing/Netbeans/Projects/shoppingCart/shopCartStyle.css</file>
            <file>file:/C:/Users/dafrandle/OneDrive%20for%20Business/Classes/COMP2145%20web%20programing/Netbeans/Projects/shoppingCart/index.php</file>
        </group>
    </open-files>
</project-private>
